{
    "version": 1,
    "disable_existing_loggers": true,
    "formatters": {
        "simple": {
            "format": "| %(asctime)s @ %(filename)s:%(lineno)s\n| MODULE :: %(module)s\n| FUNC   :: %(funcName)s\n= %(levelname)s   :: %(message)s\n"
        }
    },

    "handlers": {
        "console": {
            "class": "logging.StreamHandler",
            "level": "DEBUG",
            "formatter": "simple",
            "stream": "ext://sys.stdout"
        },

        "info_file_handler": {
            "class": "logging.handlers.RotatingFileHandler",
            "level": "INFO",
            "formatter": "simple",
            "filename": "info.log",
            "maxBytes": 10485760,
            "backupCount": 20,
            "encoding": "utf8"
        },

        "error_file_handler": {
            "class": "logging.handlers.RotatingFileHandler",
            "level": "ERROR",
            "formatter": "simple",
            "filename": "errors.log",
            "maxBytes": 10485760,
            "backupCount": 20,
            "encoding": "utf8"
        }
    },

    "loggers": {
        "module": {
            "level": "ERROR",
            "handlers": ["console"],
            "propagate": "no"
        }
    },

    "root": {
        "level": "DEBUG",
        "handlers": ["console", "info_file_handler", "error_file_handler"]
    }
}